"market","period","statement","field","record_count","null_count","null_rate_pct","reported_currency_nonnull_count","reported_currency_mode","reported_currency_mode_count","reported_currency_mode_share_pct","krw_count","krw_share_pct"
"KOSPI","annual","income","revenue","13618","0","0.0","13618","KRW","13617","99.9927","13617","99.9927"
"KOSPI","annual","income","operatingIncome","13618","0","0.0","13618","KRW","13617","99.9927","13617","99.9927"
"KOSPI","annual","income","netIncome","13618","0","0.0","13618","KRW","13617","99.9927","13617","99.9927"
"KOSPI","annual","income","eps","13618","0","0.0","13618","KRW","13617","99.9927","13617","99.9927"
"KOSPI","annual","balance","totalAssets","13592","0","0.0","13592","KRW","13591","99.9926","13591","99.9926"
"KOSPI","annual","balance","totalLiabilities","13592","0","0.0","13592","KRW","13591","99.9926","13591","99.9926"
"KOSPI","annual","balance","totalStockholdersEquity","13592","0","0.0","13592","KRW","13591","99.9926","13591","99.9926"
"KOSPI","annual","balance","cashAndCashEquivalents","13592","0","0.0","13592","KRW","13591","99.9926","13591","99.9926"
"KOSPI","annual","cashflow","operatingCashFlow","13584","0","0.0","13584","KRW","13583","99.9926","13583","99.9926"
"KOSPI","annual","cashflow","capitalExpenditure","13584","0","0.0","13584","KRW","13583","99.9926","13583","99.9926"
"KOSPI","annual","cashflow","freeCashFlow","13584","0","0.0","13584","KRW","13583","99.9926","13583","99.9926"
"KOSPI","quarterly","income","revenue","53537","0","0.0","53537","KRW","53535","99.9963","53535","99.9963"
"KOSPI","quarterly","income","operatingIncome","53537","0","0.0","53537","KRW","53535","99.9963","53535","99.9963"
"KOSPI","quarterly","income","netIncome","53537","0","0.0","53537","KRW","53535","99.9963","53535","99.9963"
"KOSPI","quarterly","income","eps","53537","1","0.0019","53537","KRW","53535","99.9963","53535","99.9963"
"KOSPI","quarterly","balance","totalAssets","50721","0","0.0","50721","KRW","50720","99.998","50720","99.998"
"KOSPI","quarterly","balance","totalLiabilities","50721","0","0.0","50721","KRW","50720","99.998","50720","99.998"
"KOSPI","quarterly","balance","totalStockholdersEquity","50721","0","0.0","50721","KRW","50720","99.998","50720","99.998"
"KOSPI","quarterly","balance","cashAndCashEquivalents","50721","0","0.0","50721","KRW","50720","99.998","50720","99.998"
"KOSPI","quarterly","cashflow","operatingCashFlow","51149","0","0.0","51149","KRW","51148","99.998","51148","99.998"
"KOSPI","quarterly","cashflow","capitalExpenditure","51149","0","0.0","51149","KRW","51148","99.998","51148","99.998"
"KOSPI","quarterly","cashflow","freeCashFlow","51149","0","0.0","51149","KRW","51148","99.998","51148","99.998"
"KOSDAQ","annual","income","revenue","4422","0","0.0","4422","KRW","4422","100.0","4422","100.0"
"KOSDAQ","annual","income","operatingIncome","4422","0","0.0","4422","KRW","4422","100.0","4422","100.0"
"KOSDAQ","annual","income","netIncome","4422","0","0.0","4422","KRW","4422","100.0","4422","100.0"
"KOSDAQ","annual","income","eps","4422","0","0.0","4422","KRW","4422","100.0","4422","100.0"
"KOSDAQ","annual","balance","totalAssets","4390","0","0.0","4390","KRW","4390","100.0","4390","100.0"
"KOSDAQ","annual","balance","totalLiabilities","4390","0","0.0","4390","KRW","4390","100.0","4390","100.0"
"KOSDAQ","annual","balance","totalStockholdersEquity","4390","0","0.0","4390","KRW","4390","100.0","4390","100.0"
"KOSDAQ","annual","balance","cashAndCashEquivalents","4390","0","0.0","4390","KRW","4390","100.0","4390","100.0"
"KOSDAQ","annual","cashflow","operatingCashFlow","4377","0","0.0","4377","KRW","4377","100.0","4377","100.0"
"KOSDAQ","annual","cashflow","capitalExpenditure","4377","0","0.0","4377","KRW","4377","100.0","4377","100.0"
"KOSDAQ","annual","cashflow","freeCashFlow","4377","0","0.0","4377","KRW","4377","100.0","4377","100.0"
"KOSDAQ","quarterly","income","revenue","13116","0","0.0","13116","KRW","13116","100.0","13116","100.0"
"KOSDAQ","quarterly","income","operatingIncome","13116","0","0.0","13116","KRW","13116","100.0","13116","100.0"
"KOSDAQ","quarterly","income","netIncome","13116","0","0.0","13116","KRW","13116","100.0","13116","100.0"
"KOSDAQ","quarterly","income","eps","13116","4","0.0305","13116","KRW","13116","100.0","13116","100.0"
"KOSDAQ","quarterly","balance","totalAssets","12620","0","0.0","12620","KRW","12620","100.0","12620","100.0"
"KOSDAQ","quarterly","balance","totalLiabilities","12620","0","0.0","12620","KRW","12620","100.0","12620","100.0"
"KOSDAQ","quarterly","balance","totalStockholdersEquity","12620","0","0.0","12620","KRW","12620","100.0","12620","100.0"
"KOSDAQ","quarterly","balance","cashAndCashEquivalents","12620","0","0.0","12620","KRW","12620","100.0","12620","100.0"
"KOSDAQ","quarterly","cashflow","operatingCashFlow","12839","0","0.0","12839","KRW","12839","100.0","12839","100.0"
"KOSDAQ","quarterly","cashflow","capitalExpenditure","12839","0","0.0","12839","KRW","12839","100.0","12839","100.0"
"KOSDAQ","quarterly","cashflow","freeCashFlow","12839","0","0.0","12839","KRW","12839","100.0","12839","100.0"
"TOTAL","annual","income","revenue","18040","0","0.0","18040","KRW","18039","99.9945","18039","99.9945"
"TOTAL","annual","income","operatingIncome","18040","0","0.0","18040","KRW","18039","99.9945","18039","99.9945"
"TOTAL","annual","income","netIncome","18040","0","0.0","18040","KRW","18039","99.9945","18039","99.9945"
"TOTAL","annual","income","eps","18040","0","0.0","18040","KRW","18039","99.9945","18039","99.9945"
"TOTAL","annual","balance","totalAssets","17982","0","0.0","17982","KRW","17981","99.9944","17981","99.9944"
"TOTAL","annual","balance","totalLiabilities","17982","0","0.0","17982","KRW","17981","99.9944","17981","99.9944"
"TOTAL","annual","balance","totalStockholdersEquity","17982","0","0.0","17982","KRW","17981","99.9944","17981","99.9944"
"TOTAL","annual","balance","cashAndCashEquivalents","17982","0","0.0","17982","KRW","17981","99.9944","17981","99.9944"
"TOTAL","annual","cashflow","operatingCashFlow","17961","0","0.0","17961","KRW","17960","99.9944","17960","99.9944"
"TOTAL","annual","cashflow","capitalExpenditure","17961","0","0.0","17961","KRW","17960","99.9944","17960","99.9944"
"TOTAL","annual","cashflow","freeCashFlow","17961","0","0.0","17961","KRW","17960","99.9944","17960","99.9944"
"TOTAL","quarterly","income","revenue","66653","0","0.0","66653","KRW","66651","99.997","66651","99.997"
"TOTAL","quarterly","income","operatingIncome","66653","0","0.0","66653","KRW","66651","99.997","66651","99.997"
"TOTAL","quarterly","income","netIncome","66653","0","0.0","66653","KRW","66651","99.997","66651","99.997"
"TOTAL","quarterly","income","eps","66653","5","0.0075","66653","KRW","66651","99.997","66651","99.997"
"TOTAL","quarterly","balance","totalAssets","63341","0","0.0","63341","KRW","63340","99.9984","63340","99.9984"
"TOTAL","quarterly","balance","totalLiabilities","63341","0","0.0","63341","KRW","63340","99.9984","63340","99.9984"
"TOTAL","quarterly","balance","totalStockholdersEquity","63341","0","0.0","63341","KRW","63340","99.9984","63340","99.9984"
"TOTAL","quarterly","balance","cashAndCashEquivalents","63341","0","0.0","63341","KRW","63340","99.9984","63340","99.9984"
"TOTAL","quarterly","cashflow","operatingCashFlow","63988","0","0.0","63988","KRW","63987","99.9984","63987","99.9984"
"TOTAL","quarterly","cashflow","capitalExpenditure","63988","0","0.0","63988","KRW","63987","99.9984","63987","99.9984"
"TOTAL","quarterly","cashflow","freeCashFlow","63988","0","0.0","63988","KRW","63987","99.9984","63987","99.9984"
