ym,gross,net,cost,turnover,n_holdings,ew_topn,univ_ew
1998-10,0.07733390132843056,0.07433392699644809,0.0029999743319824713,0.9999914439941571,46,0.17695241242562412,0.6031224097165717
1998-11,0.08175573863892623,0.08018154473554875,0.0015741939033774653,0.5247313011258218,66,-0.0001540672646164364,0.24016850230884165
1998-12,0.3048624454310179,0.2994459381718011,0.005416507259216816,1.8055024197389384,85,0.24925970235240516,0.14868670470319317
1999-01,-0.02682855165165965,-0.027707096754581998,0.0008785451029223508,0.2928483676407836,84,-0.14075537695204526,-0.0776111015216003
1999-02,-0.03860550833511934,-0.039200360057626615,0.0005948517225072775,0.19828390750242583,84,0.04428941358936352,0.11222309747442617
1999-03,0.17620096279265268,0.17494785919237163,0.0012531036002810497,0.4177012000936832,92,0.09246420008273519,0.21150821396851202
1999-04,0.940437425490946,0.939086513713131,0.0013509117778149685,0.4503039259383228,104,0.03561117510880523,0.19807438619852388
1999-05,0.8601488800500643,0.8590850189309522,0.0010638611191120242,0.3546203730373414,106,0.19468110926478938,0.31195861147389253
1999-06,-0.04850587458165987,-0.053522326679506425,0.005016452097846555,1.6721506992821848,73,0.012708739223237607,0.1245298188729358
1999-07,0.05648614891558617,0.0554843286327225,0.0010018202828636694,0.3339400942878898,90,0.06931387275794515,0.1044395819133464
1999-08,-0.017295714809744976,-0.018927187221178296,0.001631472411433318,0.5438241371444393,112,-0.30255545957845204,-0.15940220075423708
1999-09,0.3251665447979658,0.32375868233533284,0.001407862462632996,0.469287487544332,130,0.14801797782933127,0.09961376227425218
1999-10,-0.029234210518952374,-0.030111883530636256,0.0008776730116838802,0.2925576705612934,129,-0.11172221204450433,0.012808240076988381
1999-11,-0.17824094557636364,-0.17903035429324218,0.0007894087168785504,0.26313623895951677,124,-0.30415965431640624,-0.1468328796030577
1999-12,0.04717948102746834,0.04623919634747353,0.0009402846799948117,0.3134282266649372,109,0.03826905951189038,-0.007405194265795679
2000-01,0.19101028472022685,0.1902260656969999,0.0007842190232269611,0.2614063410756537,108,-0.09004726330269114,0.13456501732282222
2000-02,0.7916984418988341,0.7912504511239487,0.00044799077488540064,0.14933025829513355,108,0.5333491494646926,0.22017576022168459
2000-03,-0.015243962023246838,-0.016345881199879612,0.0011019191766327742,0.36730639221092476,105,-0.06300729677543199,-0.1303409659109329
2000-04,-0.08539045201967395,-0.08671726385085701,0.0013268118311830686,0.44227061039435617,98,-0.13324568541206744,-0.17665265525371443
2000-05,-0.5,-0.5010101261495212,0.0010101261495211893,0.33670871650706313,83,-0.5,-0.5
2002-01,-0.015420360834728787,-0.02142031516995297,0.005999954335224185,1.9999847784080618,71,-0.06928590606850844,0.02249502241675965
2002-02,0.03127496564908597,0.030053971251850324,0.0012209943972356415,0.4069981324118805,73,0.034568059991660446,0.10467023068191339
2002-03,-0.004458381430892436,-0.005853169795305736,0.0013947883644133,0.4649294548044333,70,-0.15515229222707894,-0.1425024667532925
2002-04,-0.049452516438798354,-0.0506462071140968,0.0011936906752984455,0.3978968917661485,79,-0.06668975762613905,-0.03778600925197391
2002-05,-0.06900597935305888,-0.06996163452612356,0.0009556551730646696,0.3185517243548899,78,-0.11736282687323893,-0.1122393138218899
2002-06,-0.012037129510542028,-0.012987032705536463,0.0009499031949944364,0.3166343983314788,83,0.008120289489450226,-0.002361329412515638
2002-07,0.009208746976155669,0.007998317913085477,0.0012104290630701924,0.4034763543567308,83,0.026735119453319925,0.023108887044948803
2002-08,-0.03835705219212497,-0.03940829478911427,0.0010512425969892974,0.35041419899643245,77,-0.18257562005395508,-0.16666820635902746
2002-09,0.010437787245071684,0.007823703541443267,0.0026140837036284174,0.8713612345428058,69,0.08630803745876671,0.037116447174698426
2002-10,-0.01204510392821041,-0.014301518937817576,0.002256415009607168,0.7521383365357226,60,-0.00881640417313746,0.020875850294732604
2002-11,-0.07663509742190862,-0.07791502904005841,0.0012799316181497918,0.42664387271659726,52,-0.13262417006616772,-0.12796747893449253
2002-12,-0.010223344689600828,-0.01124942162502834,0.0010260769354275127,0.3420256451425042,56,-0.034670180704865564,-0.03041665202118164
2003-01,-0.05803241322120848,-0.05962630475812456,0.001593891536916083,0.5312971789720277,57,-0.0227809072328851,-0.006028694783849318
2003-02,-0.06070348653872993,-0.06256056100213069,0.001857074463400753,0.6190248211335844,61,-0.14378834147217728,-0.11949452459846557
2003-03,-0.023895400000598845,-0.026077584407154113,0.0021821844065552693,0.7273948021850898,54,0.10117191009571293,0.1295036020187411
2003-04,-0.0284982211377482,-0.03029941754323924,0.0018011964054910428,0.6003988018303476,59,0.04896457552736246,0.08529300975457092
2003-05,-0.01975485400598311,-0.02102346967428611,0.0012686156683029987,0.4228718894343329,66,0.06185384837160865,0.04864087336201086
2003-06,0.039426526117211064,0.03744122884676381,0.0019852972704472523,0.6617657568157508,69,-0.0327220510650972,-0.0068370455183613555
2003-07,0.004663393869391824,0.0030433016269420105,0.001620092242449814,0.5400307474832713,63,-0.0620601828669282,-0.010435654487048454
2003-08,-0.03311045063231619,-0.034504525807331723,0.0013940751750155323,0.4646917250051774,65,-0.0665948925470631,-0.0681851946384489
2003-09,0.0026737814310550984,-0.00027609040674966053,0.002949871837804759,0.9832906126015863,61,0.009296371810209814,0.0005332597708576393
2003-10,-0.007063966437895091,-0.00941377318131182,0.002349806743416729,0.783268914472243,62,-0.006408245927362741,0.0009336516054165939
2003-11,0.008742731709101323,0.006937731901524548,0.0018049998075767755,0.6016666025255918,72,0.0163797029061826,0.007681081709619029
2003-12,-0.026382528383130866,-0.028617340980847776,0.0022348125977169103,0.7449375325723034,75,-0.005740125956941539,-0.024523378222149787
2004-01,0.02445719134162572,0.023416506978004997,0.0010406843636207234,0.3468947878735745,76,0.023383366572694676,-0.0030765563354754042
2004-02,0.021083555530442787,0.019418592580628554,0.001664962949814232,0.5549876499380773,78,0.02378099340271032,-0.011380909811481403
2004-03,-0.004955443595190728,-0.007340112946514559,0.0023846693513238314,0.7948897837746104,70,0.038952622517217914,0.039953797807056664
2004-04,-0.022251700999946916,-0.02368964270623059,0.0014379417062836738,0.47931390209455793,75,-0.10584727784281993,-0.09004385906790516
2004-05,0.00022675409347822892,-0.0014778780801309541,0.001704632173609183,0.5682107245363943,71,-0.027148249681529527,-0.0305905937684584
2004-06,0.00506572440910619,0.0034223615861279093,0.0016433628229782803,0.5477876076594268,68,-0.05283915943941332,-0.06203630325484412
2004-07,0.015193652814993741,0.013223639950849056,0.0019700128641446843,0.6566709547148948,60,0.08682004789480778,0.057915664494372826
2004-08,0.035394674966440214,0.033015189619584044,0.0023794853468561725,0.7931617822853908,39,0.04902375561462069,0.021273925457211153
2004-09,0.022325640548430732,0.020124766037327414,0.0022008745111033196,0.7336248370344399,31,0.022719982102408443,-0.007668796663409568
2004-10,0.057100113782982874,0.05590966265519609,0.0011904511277867852,0.3968170425955951,32,0.07870497794967989,0.06415334968423164
2004-11,0.0005941043636504314,-0.0007227938480086598,0.0013168982116590912,0.4389660705530304,30,0.02034086345069353,0.023226774447051738
2004-12,0.045730699238284864,0.04451770154714451,0.0012129976911403543,0.40433256371345144,31,0.12257429390704382,0.250300390747079
2005-01,0.17890067197686732,0.17636757166235287,0.0025331003145144426,0.8443667715048142,36,0.1818511908566515,0.12472505758545617
2005-02,0.031458444598465446,0.02855523067997378,0.002903213918491666,0.9677379728305553,40,-0.002802983176260925,-0.057144713101366
2005-03,-0.009360340134966576,-0.011843127735760798,0.0024827876007942214,0.8275958669314071,57,-0.01793220471302052,-0.03978075894416205
2005-04,0.0200566677621671,0.018709309008913377,0.0013473587532537245,0.44911958441790817,41,0.03287147408162276,0.09484807657316813
2005-05,0.046302809826154645,0.045480920928958724,0.0008218888971959228,0.27396296573197426,37,0.06623695351081045,0.11141976348185192
2005-06,0.0517905011018042,0.05080367138353151,0.0009868297182726905,0.32894323942423015,39,0.09887133966928516,0.14862387054257736
2005-07,-0.02870913703091513,-0.029610732710869524,0.0009015956799543947,0.30053189331813157,31,-0.031624357694263985,-0.05576496745346144
2005-08,0.09843520261671912,0.09799942347589413,0.0004357791408249877,0.14525971360832923,29,0.16110250012621868,0.14496756366494407
2005-09,0.023575264427590892,0.02252600124215103,0.001049263185439864,0.34975439514662127,31,0.07009331814898828,0.07777563797676072
2005-10,0.0783054850392018,0.07693201169272938,0.001373473346472421,0.4578244488241403,32,0.1328553618925382,0.18806186240164216
2005-11,0.0046034694573064555,0.0034068819890294925,0.0011965874682769633,0.3988624894256544,35,0.008455386721890367,0.01290739033579738
2005-12,-0.04477903853879806,-0.045203029571103,0.00042399103230493274,0.14133034410164425,33,-0.026466017167742023,-0.015986789042764068
2006-01,-0.02074903166464097,-0.021975614474897032,0.0012265828102560625,0.40886093675202084,38,-0.014011001077621172,0.0016013461370815735
2006-02,0.011571574406967667,0.011547593206869926,2.398120009774226e-05,0.007993733365914087,38,0.018374375483836553,0.0011402293170543114
2006-03,0.013098333473725835,0.01303197437771045,6.635909601538432e-05,0.02211969867179477,37,0.03252402196205886,0.043129751499504085
2006-04,-0.006403978204732514,-0.006740757024954814,0.0003367788202223002,0.11225960674076674,34,-0.026800937817715614,-0.08217211852007726
2006-05,-0.0319235607873049,-0.03252380944559209,0.0006002486582871913,0.20008288609573044,33,-0.02694035556459505,-0.05145545236425062
2006-06,0.006978574612539497,0.006639481464868653,0.0003390931476708439,0.11303104922361464,32,-0.009438050096343933,-0.029853378116130824
2006-07,0.02453355802740901,0.0242334975034659,0.0003000605239431086,0.10002017464770287,31,0.04061770297054057,0.040553386572994794
2006-08,0.016986575854926272,0.016086968686954264,0.0008996071679720074,0.2998690559906691,28,0.029960844698988184,0.05878342129023069
2006-09,0.003769442820848164,0.0034986666332413514,0.00027077618760681265,0.09025872920227089,27,-0.003094748248748003,-0.0074021933367156645
2006-10,0.045529689237008245,0.045103532942570995,0.00042615629443725156,0.1420520981457505,28,0.08208451923571067,0.07898952300293313
2006-11,-0.0022214132519647297,-0.0025219190976637005,0.0003005058456989708,0.10016861523299027,28,-0.001668233759027124,-0.025700473587288854
2006-12,-0.00964039374289465,-0.009852190308177588,0.00021179656528293842,0.07059885509431281,27,-0.015298005769300332,-0.022212274327350328
2007-01,0.021906446016883623,0.021688509335887746,0.0002179366809958769,0.07264556033195897,27,0.037560037865823126,0.04434492557408949
2007-02,0.003570118169727549,0.0031997477245285346,0.0003703704451990146,0.1234568150663382,27,0.04634101405688334,0.09176103264160998
2007-03,0.028253821263681117,0.027736452485514984,0.0005173687781661346,0.17245625938871154,27,0.07804537155329692,0.0692658900694925
2007-04,0.03777978272032602,0.03750777625499633,0.000272006465329693,0.09066882177656432,26,0.10720889417152986,0.12621211991251222
2007-05,-0.012413765876105971,-0.012848414060729408,0.00043464818462343675,0.14488272820781226,25,0.03221317144657144,0.038367608504428975
2007-06,0.0029966373521581172,0.0029213739561958375,7.526339596227977e-05,0.025087798654093257,26,0.09897305828652239,0.0758349355576038
2007-07,0.0007080123293665281,0.0005136174781691587,0.00019439485119736942,0.06479828373245647,26,-0.03560060894082584,-0.021571812001136247
2007-08,0.00625995425315275,0.006228593525511266,3.136072764148455e-05,0.01045357588049485,25,0.00850251272619025,0.0031992936510700943
2007-09,-0.015696714008029664,-0.01569888023984632,2.166231816655235e-06,0.0007220772722184117,167,-0.032887438379621575,-0.03972358965736649
2007-10,0.0008358523146419679,0.0008343002610128575,1.5520536291103489e-06,0.0005173512097034496,52,-0.043820263856453934,-0.07452802193060747
2007-11,0.00010928948509850798,-8.82551099060097e-05,0.00019754459500451768,0.06584819833483922,38,0.013263581620595672,-0.013049702146706048
2007-12,-0.008535193795607758,-0.008639884728285809,0.00010469093267805001,0.034896977559350006,33,-0.06513674693718138,-0.1018289740707189
2008-01,0.009429505851969788,0.009429333701779905,1.7215018988303146e-07,5.7383396627677156e-05,30,0.026637092308803637,0.07469549901079495
2008-02,0.002820323273710911,0.002820149089785156,1.741839257550882e-07,5.8061308585029395e-05,26,-0.01566761951395371,-0.03730179907061873
2008-03,0.009309214997524125,0.0087095038754011,0.0005997111221230266,0.1999037073743422,28,0.02902819901077946,0.012570643538785247
2008-04,-0.0013932660680846154,-0.0013932747973697235,8.72928510817398e-09,2.9097617027246603e-06,27,0.007939766888699983,0.015752051142573047
2008-05,0.004146970234589454,0.004146966966872785,3.2677166684077396e-09,1.0892388894692465e-06,27,-0.019136612900619406,-0.057512441217002594
2008-06,0.00942155038900404,0.009421547731216855,2.6577871850539962e-09,8.859290616846653e-07,27,-0.03781855560899866,-0.05862143339641066
2008-07,-0.003952998995518982,-0.003953002450317752,3.454798769981053e-09,1.1515995899936842e-06,27,-0.03551682658841435,-0.11688858058837663
2008-08,-0.009784609772296114,-0.01000980872296979,0.00022519895067367622,0.07506631689122541,27,-0.0330108403348448,-0.06365503799120674
2008-09,-0.05495945692028233,-0.05548212551013167,0.000522668589849343,0.17422286328311432,25,-0.2024849888104069,-0.3128183992907308
2008-10,0.0019119386281428465,0.0006052869958658091,0.0013066516322770374,0.4355505440923458,27,-0.004718095264856791,0.010417379529532436
2008-11,-0.002161387352306819,-0.002596395434238011,0.00043500808193119194,0.14500269397706397,26,0.04517894969306774,0.0685639299104957
2008-12,-0.0007454615522313221,-0.001259242486173622,0.0005137809339423,0.17126031131410002,28,0.0035548536904698442,0.06235749257405127
2009-01,0.02115163045617123,0.021102800734572276,4.882972159895529e-05,0.01627657386631843,28,0.001979236498233179,0.011302822295525332
2009-02,0.004734917099655379,0.003631031652666769,0.0011038854469886104,0.3679618156628701,27,0.07762593150685836,0.11745142467521501
2009-03,-0.0004210556068429504,-0.0010747922562211706,0.0006537366493782202,0.21791221645940673,26,0.12018407744480385,0.21119747540129688
2009-04,0.004377780637098813,0.004077488958532767,0.0003002916785660462,0.10009722618868207,25,0.039032127985289794,0.05138683931530509
2009-05,0.0002513705552349969,-8.430490840234878e-05,0.0003356754636373457,0.11189182121244858,23,0.0036486599998291095,-0.030671264544762888
2009-06,0.004140425573823697,0.003854739832387789,0.00028568574143590804,0.09522858047863601,27,0.044656482101578285,0.05851980525810184
2009-07,0.016958501576185604,0.016658749373016948,0.00029975220316865646,0.09991740105621882,26,0.02768187871252881,0.01674593723158216
2009-08,-0.003992547848667364,-0.003996838901655573,4.291052988209666e-06,0.0014303509960698884,27,0.015755245688683774,-0.012257149455899055
2009-09,-0.0034415586989793596,-0.0034459252171261073,4.3665181467475845e-06,0.0014555060489158615,27,-0.015912942794085564,-0.03715180660167475
2009-10,-0.007803418007845186,-0.008128413873086708,0.00032499586524152243,0.10833195508050748,28,-0.01029064683661366,-0.036350505248487604
2009-11,-0.010482826111854958,-0.010698560049892386,0.00021573393803742903,0.07191131267914301,29,0.03959584000360565,0.07578686291276879
2009-12,0.003658626708353569,0.0034116155276834744,0.0002470111806700943,0.08233706022336476,29,-0.03339151003806783,-0.025684405089100516
2010-01,0.004263658192179049,0.004213103338703394,5.0554853475655286e-05,0.016851617825218428,28,0.015627268226071207,0.026317244099974404
2010-02,0.02043293472399124,0.01965416074027183,0.0007787739837194073,0.2595913279064691,29,0.059703987572500394,0.03191708801621051
2010-03,0.003271032689060769,0.0026571946988759028,0.0006138379901848662,0.20461266339495537,32,0.024272705813696747,0.006637237536024119
2010-04,0.007289678382875824,0.006989911554687064,0.00029976682818875984,0.09992227606291995,32,-0.04169550717408285,-0.07689705391233646
2010-05,-0.0010234348935634538,-0.0016521216722443118,0.000628686778680858,0.209562259560286,33,0.018642903830612997,0.015299046045224416
2010-06,0.007962846536515869,0.007594540639239864,0.0003683058972760056,0.1227686324253352,32,0.011977349944849693,0.019878669477206214
2010-07,0.011768142824986703,0.011575461659741722,0.00019268116524498072,0.06422705508166024,30,-0.00743920663677035,-0.020132040203348446
2010-08,0.003534370721467421,0.003234680441008848,0.0002996902804585729,0.09989676015285763,29,0.041448479111500604,0.05000936031256458
2010-09,0.02821606286099933,0.027533915870371094,0.0006821469906282377,0.22738233020941256,32,0.07074618370664057,0.06133190702274376
2010-10,-0.004942790251519344,-0.0051715423999151335,0.00022875214839578943,0.07625071613192981,33,-0.02204722776596791,-0.0458362055873688
2010-11,-0.021071401236409354,-0.021911157259700404,0.0008397560232910516,0.2799186744303505,35,0.038470967093724016,0.028369634197405943
2010-12,-0.025606146670514904,-0.02620972294189227,0.0006035762713773664,0.20119209045912215,36,-0.021672029841299113,0.013075364395509758
2011-01,0.0031927438054781703,0.0019162171236086498,0.0012765266818695205,0.4255088939565068,35,-0.027767303560012335,-0.04304801451834497
2011-02,0.015691156052121062,0.015401611079899789,0.000289544972221274,0.09651499074042466,34,0.03129637869987089,0.04117011275289528
2011-03,0.00025444334271680993,-0.0001235386072370429,0.00037798194995385283,0.12599398331795095,32,0.0170022042190095,-0.013902238804085119
2011-04,-0.004149586840150056,-0.004273241963105157,0.00012365512295510166,0.04121837431836722,31,-0.015824381161699534,-0.04755824307203636
2011-05,0.014045749141863847,0.013853559784587003,0.00019218935727684344,0.06406311909228114,30,0.0030532809212319876,0.0007293469957062766
2011-06,0.008992233997223768,0.008281327211615576,0.0007109067856081914,0.2369689285360638,30,0.05096968697742607,0.08970676448543072
2011-07,-0.01763646709726782,-0.017828007436553217,0.0001915403392853948,0.06384677976179827,29,-0.05816034912360509,-0.08597461735902266
2011-08,-0.009960882460447974,-0.01076197592368721,0.0008010934632392369,0.26703115441307895,27,-0.056744184292272404,-0.10228584036661476
2011-09,0.014488802260686315,0.013997291208286364,0.0004915110523999505,0.16383701746665016,27,0.029712672047289734,0.09863437751624106
2011-10,0.005728237074767535,0.005428159331790661,0.00030007774297687365,0.10002591432562455,27,-5.477109804888358e-05,-0.006967813076400869
2011-11,-0.030884715188367766,-0.03134339779087358,0.00045868260250581236,0.15289420083527078,27,0.020575640435110117,0.036733049604079915
2011-12,-0.0008365704287544333,-0.0011363169817577515,0.00029974655300331825,0.09991551766777275,26,0.0261098597253086,0.06893611848286407
2012-01,0.02432164652131499,0.02431800094379562,3.64557751937017e-06,0.0012151925064567233,25,0.07942258707796176,0.10228251475708233
2012-02,0.012476280494275238,0.01146176541102984,0.0010145150832453981,0.3381716944151327,25,-0.010104210788630608,-0.03496750393672334
2012-03,-0.0045652145068781624,-0.00513716648092832,0.0005719519740501572,0.19065065801671904,25,-0.02579476868851129,-0.05401527751613156
2012-04,-0.0117545520338107,-0.012136813579699536,0.0003822615458888359,0.12742051529627862,25,-0.03408507475313043,-0.04270280804952555
2012-05,0.00265025614451092,0.0026154962254093975,3.4759919101522365e-05,0.011586639700507455,27,0.02161748311563024,0.05094384613873441
2012-06,0.0028729316775005366,0.00262519741424066,0.00024773426325987635,0.08257808775329212,27,0.003972378134872678,-0.021587295412888664
2012-07,0.016555554062512336,0.016307643098618065,0.00024791096389427066,0.08263698796475688,26,0.03456830028594886,0.0610490012514369
2012-08,0.02615425710238685,0.02603615796083237,0.00011809914155447888,0.039366380518159626,26,0.056021988636145215,0.04561670290956989
2012-09,0.010996403600812688,0.010994645786045386,1.7578147673027082e-06,0.0005859382557675694,27,0.013844061738338583,-0.02750839039667588
2012-10,-0.006897555760383612,-0.00712904457225562,0.00023148881187200814,0.07716293729066938,28,-0.01246899695034429,-0.024910468796352198
2012-11,-0.013570734944011918,-0.01367070822568026,9.997328166834146e-05,0.033324427222780485,29,0.012334685722193806,-0.003022691834948993
2012-12,0.0014993483470982243,0.0013962476494381395,0.00010310069766008476,0.03436689922002825,28,0.006102917985488997,0.04056229639405895
2013-01,0.016934819064118242,0.01686074146502127,7.407759909697213e-05,0.024692533032324045,28,0.027729768613839426,0.040123573696102206
2013-02,0.008194811453269389,0.008193695038660668,1.116414608721611e-06,0.0003721382029072037,28,0.034107626324613664,0.03459693754550028
2013-03,0.03677243247663257,0.036590103083856386,0.00018232939277618358,0.060776464258727854,27,0.02785469203999801,0.022156261596352082
2013-04,0.0200840345053983,0.018901904715295948,0.0011821297901023536,0.3940432633674512,25,0.02908721815290904,0.03744738436544413
2013-05,0.0016144499511339964,0.0008933721281211311,0.0007210778230128653,0.24035927433762175,25,-0.04645096519147428,-0.09662879148363256
2013-06,0.004422843321882931,0.0041190112718689454,0.0003038320500139856,0.10127735000466186,27,0.022741655720246556,0.04823525542634328
2013-07,0.008439205667336185,0.007839810567161107,0.0005993951001750776,0.19979836672502585,26,-0.0033088117248803494,-0.03603202162518722
2013-08,-0.030299780485167876,-0.03046424612341764,0.00016446563824976392,0.05482187941658797,27,0.025306574351337777,0.02850413842263818
2013-09,-0.014776989167837613,-0.01499614547569325,0.00021915630785563606,0.07305210261854535,27,-0.0026815405473587612,-0.010942706651305829
2013-10,0.00782524356746947,0.007701159694717718,0.00012408387275175187,0.041361290917250625,26,-0.00403281147309279,-0.022901289972586242
2013-11,-0.006656396530160912,-0.0067304156298504956,7.401909968958329e-05,0.024673033229861096,25,-0.009512650861096227,-0.02676084393734314
2013-12,0.004305188617231242,0.003402833098914121,0.0009023555183171216,0.3007851727723739,24,0.006204053793704914,0.024976167762861465
2014-01,0.010421417616336786,0.010139997796807207,0.00028141981952957873,0.09380660650985957,24,0.03486210650313944,0.030600885501916582
2014-02,-0.019717328896450764,-0.020317604796764928,0.0006002759003141655,0.2000919667713885,24,0.021122346145035477,0.03174738725682272
2014-03,0.020629983843971515,0.020345173129794503,0.00028481071417701275,0.09493690472567091,25,0.02076665315810733,0.029850776655680415
2014-04,-0.008954919414126846,-0.00925491033465587,0.0002999909205290249,0.09999697350967496,27,0.013784942527535878,-0.002145828697358845
2014-05,0.012909069595677156,0.012609068378924029,0.0003000012167531276,0.10000040558437587,28,0.010545659282792302,-0.009127143552538141
2014-06,0.019981797195061074,0.01979811008286581,0.00018368711219526534,0.06122903739842178,26,0.043487964935081204,0.020917058385134624
2014-07,-0.008070131952357224,-0.008310088705557234,0.00023995675320001125,0.07998558440000375,26,0.024922019071295563,0.03757515619823952
2014-08,0.011451898886710804,0.011355588969873836,9.630991683696841e-05,0.0321033056123228,26,-0.0007735550995459454,0.008142983245992639
2014-09,-0.0062797833680422405,-0.006632983063298979,0.0003531996952567389,0.1177332317522463,26,-0.010337247727183242,-0.026048689029273993
2014-10,-0.006877531036412453,-0.006878393377608325,8.623411958715473e-07,0.00028744706529051575,26,-0.008024751215870596,-0.0040680849338705525
2014-11,-0.0015676636407669943,-0.0015823912174016497,1.4727576634655464e-05,0.004909192211551821,25,-0.019829855902840046,-0.006343211883276881
2014-12,-0.017473793054132953,-0.017845832973561484,0.0003720399194285306,0.12401330647617687,27,0.025716897205600952,0.07018153536048966
2015-01,-0.027247935018933304,-0.02725468752899465,6.752510061345787e-06,0.0022508366871152622,27,0.04920185874111477,0.07824966593596147
2015-02,0.006284675706628532,0.006282547966190407,2.127740438125239e-06,0.0007092468127084129,27,0.0398708168158724,0.07087613277565669
2015-03,-0.052974495750898874,-0.05303097966456134,5.6483913662465246e-05,0.01882797122082175,26,0.044891004646326706,0.06170409646890823
2015-04,-0.010232370476498815,-0.011089648684807272,0.0008572782083084572,0.28575940276948575,29,0.001124540627454671,0.029311123589492224
2015-05,-0.005023764522288041,-0.005225319383711801,0.00020155486142375972,0.0671849538079199,31,-0.003954174986962723,0.024165890473185417
2015-06,-0.010882832738676391,-0.011482377933460856,0.0005995451947844648,0.19984839826148823,34,-0.005187045133643888,0.008299731143752083
2015-07,-0.02525020436819852,-0.025387087040079612,0.00013688267188109455,0.04562755729369818,34,-0.0382249017987544,-0.05443779361214396
2015-08,0.005644963575881824,0.004745916477261486,0.0008990470986203384,0.29968236620677946,38,0.026546834056934004,0.040988458965008856
2015-09,0.02398324646793436,0.023967039981310483,1.6206486623877455e-05,0.005402162207959152,39,0.012211994071208421,0.035900333191044013
2015-10,-0.023379500937395804,-0.023382785773188777,3.284835792970634e-06,0.0010949452643235446,39,-0.03527820914676763,-0.0011218164699977524
2015-11,-0.022393170415283513,-0.022393173486368285,3.0710847718888343e-09,1.0236949239629447e-06,39,-0.005286718772535546,0.008164059750142031
2015-12,-0.03060057131373284,-0.030600633519483455,6.220575061768006e-08,2.0735250205893355e-05,39,-0.047187696664549195,-0.03351175392268281
2016-01,0.004091539387446689,0.004091413116604666,1.2627084202267832e-07,4.20902806742261e-05,39,0.015327555928138044,0.0006399438210867621
2016-02,0.026864025261414754,0.026818942432210235,4.5082829204519724e-05,0.015027609734839907,692,0.05846298456034221,0.07226193203869194
2016-03,0.012400241803322162,0.012147341477093704,0.000252900326228457,0.08430010874281899,290,0.02390856700703213,0.03828643214708968
2016-04,0.029026140698737463,0.028945718858189723,8.042184054773854e-05,0.026807280182579513,708,-0.003514807506631475,-0.00043803225865593124
2016-05,-0.0075999960442845686,-0.008078300816879757,0.0004783047725951878,0.15943492419839592,547,-0.008769502814371131,-0.007232799712713264
2016-06,0.02072969470543972,0.020716985528511093,1.2709176928627127e-05,0.0042363923095423755,318,0.08118177357460525,0.06306906069281981
2016-07,-0.0003263509912207775,-0.000387842941442151,6.149195022137352e-05,0.02049731674045784,279,-0.0473467853503471,-0.03780586334389303
2016-08,0.024529630037834833,0.024436634533520612,9.299550431422174e-05,0.030998501438073915,271,0.03243502908583315,0.03245654449694392
2016-09,-0.011502502606613488,-0.012126900605998072,0.0006243979993845842,0.20813266646152806,268,-0.050326866577056394,-0.07001350982042838
2016-10,-0.00836435800578953,-0.008685262796004236,0.0003209047902147061,0.10696826340490204,264,-0.0030584726949528006,-0.02383895662664167
2016-11,0.009610623038214217,0.00954895861070419,6.166442751002754e-05,0.020554809170009177,252,0.020320010735706794,0.047431016594120586
2016-12,-0.006816483353203552,-0.006843293258537665,2.6809905334112545e-05,0.008936635111370848,237,-0.010905577255530065,-0.004919465885388987
2017-01,0.0070750258985228425,0.007074820651735381,2.0524678746171502e-07,6.841559582057167e-05,230,0.021706212554840197,-0.0064808725667715155
2017-02,-0.002578329595557347,-0.002593716782439754,1.538718688240708e-05,0.005129062294135693,221,0.010861151116120375,0.02575582770116391
2017-03,0.029224001935315727,0.029067335877448527,0.0001566660578671992,0.0522220192890664,212,0.017998502021293394,0.005933656951342962
2017-04,0.04659529882341963,0.04659465935923184,6.394641877880017e-07,0.00021315472926266725,209,0.03283078979482866,0.03449212320766859
2017-05,-0.0013050393337188852,-0.006990111916779676,0.005685072583060791,1.8950241943535968,30,-0.0002447253518290066,0.0051677143966627455
2017-06,-0.023128696454400965,-0.029128441952968483,0.005999745498567518,1.9999151661891725,37,-0.03619889185037505,-0.036102391444494134
2017-07,-0.015874381388383714,-0.016883848139469956,0.0010094667510862428,0.33648891702874756,35,-0.004099777979388138,-0.0007174214659244271
2017-08,-0.008087800802137123,-0.01050170752119262,0.002413906719055496,0.8046355730184986,39,-0.03984540835711783,-0.05581846586019329
2017-09,-0.0028958846624963725,-0.0033747446570453242,0.00047885999454895186,0.15961999818298395,1419,0.011922479459619476,0.029769490351806368
2017-10,0.005096656378140548,0.0034997453863441124,0.001596910991796436,0.5323036639321453,264,0.024220440831903018,0.04633252139129999
2017-11,-0.009918974248390975,-0.009921540725945666,2.566477554691202e-06,0.0008554925182304008,144,-0.01085321261704023,-0.006417872218807847
2017-12,0.025753944884158015,0.025753562812055993,3.8207210202326676e-07,0.00012735736734108892,97,0.057404606166828104,0.12247494613851437
2018-01,-0.0008265547337378459,-0.001416770301234595,0.000590215567496749,0.19673852249891632,96,-0.017411251061454223,-0.034736930980092444
2018-02,-0.00251684913069986,-0.0025857516251555582,6.890249445569824e-05,0.022967498151899413,93,0.008179578807689365,0.022605088688033122
2018-03,0.012488857517981617,0.010941214026209768,0.001547643491771849,0.5158811639239497,91,0.050003557517561525,0.05542673249874389
2018-04,0.03971373429432292,0.038382953822420914,0.0013307804719020083,0.4435934906340028,42,0.004177167254016695,0.005774397939332806
2018-05,0.015622571877889003,0.014495035934632233,0.00112753594325677,0.3758453144189233,38,-0.0392985457116267,-0.07206247418433732
2018-06,-0.021022213402525473,-0.021262782839789458,0.0002405694372639843,0.0801898124213281,40,-0.022583167087793454,-0.024880935160002206
2018-07,0.04688897917170235,0.0463634794282524,0.0005254997434499505,0.17516658114998349,38,0.04395511676083892,0.030031017011969963
2018-08,-0.002737130852571953,-0.0033150373278721277,0.0005779064753001748,0.1926354917667249,41,-0.002717698143585671,0.005802206993912334
2018-09,-0.10690523028785796,-0.10752132759984746,0.0006160973119894989,0.2053657706631663,42,-0.2195229257966259,-0.19889117832629927
2018-10,0.05232064002036556,0.05208087299174431,0.00023976702862124884,0.07992234287374961,37,0.06634516278831337,0.08273916299615758
2018-11,-0.04310680240250513,-0.04364576580237403,0.0005389633998688977,0.17965446662296589,37,-0.04706097583172064,-0.02062770992701448
2018-12,0.03717475143011223,0.03668634434403519,0.0004884070860770401,0.16280236202568002,37,0.0983815427699019,0.09863690469509018
2019-01,0.038666194242030744,0.03841590838094626,0.0002502858610844856,0.0834286203614952,40,0.021544271650843067,0.0031660433338053786
2019-02,-0.011161146196366134,-0.011488813023026907,0.0003276668266607735,0.10922227555359115,39,-0.034365217497016584,-0.0006682417581316226
2019-03,0.0487922406481019,0.048491663690244186,0.00030057695785771176,0.10019231928590391,37,0.05738556055209831,0.053785713613347254
2019-04,-0.013957278069089358,-0.014799730350553963,0.0008424522814646052,0.2808174271548684,36,-0.058662786002573124,-0.05900667334036974
2019-05,0.04497501069278104,0.044531351527401654,0.0004436591653793804,0.14788638845979346,35,0.04182434304202756,0.03708661508274515
2019-06,-0.02050670353904698,-0.020658333446713736,0.00015162990766675726,0.050543302555585756,35,-0.0399931470317945,-0.08883348808308977
2019-07,-0.007078384257945638,-0.007635207403078549,0.0005568231451329106,0.18560771504430354,36,-0.03282479013152956,-0.017489517627899437
2019-08,0.005871834717535879,0.005549496498254903,0.0003223382192809766,0.10744607309365886,35,0.023243684609975012,0.03324742822860163
2019-09,-0.005257752977530769,-0.005854935280935513,0.000597182303404744,0.19906076780158133,649,0.006768604308191582,0.013885664051001804
2019-10,0.011176396308867416,0.010874043415746288,0.0003023528931211282,0.10078429770704274,1134,0.009372979918486046,-0.0023596828629540447
2019-11,-0.005969816908843742,-0.006258760999468804,0.0002889440906250626,0.09631469687502087,786,0.0067460045877634125,0.03131187791341937
2019-12,-0.021118939330391166,-0.021778385026398363,0.0006594456960071992,0.21981523200239972,723,-0.019457442335862597,-0.03474050749293023
2020-01,-0.026354992443978573,-0.0265886705442604,0.00023367810028182535,0.07789270009394178,656,-0.059999879263041095,-0.07463602099638601
2020-02,-0.13778415341040334,-0.13798272533144465,0.0001985719210413119,0.06619064034710397,606,-0.1427901232530637,-0.13113451987215974
2020-03,0.061719889722081395,0.05973651415958705,0.0019833755624943466,0.6611251874981156,446,0.1296870311903885,0.2025011290648574
2020-04,-0.006984224577710419,-0.007466857839152846,0.0004826332614424261,0.16087775381414202,252,0.03964222268950985,0.07831486445178806
2020-05,0.0036366359416097694,0.003401636889071936,0.00023499905253783333,0.07833301751261111,228,-0.01919750183549851,-0.0028671258295269878
2020-06,-0.0373160866927085,-0.03734443739013353,2.8350697425031935e-05,0.009450232475010645,183,0.06888786517811232,0.09591612089761045
2020-07,0.00830166868447005,0.007926125449202319,0.00037554323526773145,0.12518107842257714,121,0.019698139553469777,0.0367794004022379
2020-08,0.02989458244704735,0.029841194811577144,5.3387635470205376e-05,0.01779587849006846,113,0.03393214921283865,0.03498967056803703
2020-09,0.04310293396468771,0.04222562838624134,0.0008773055784463704,0.2924351928154568,102,0.0057625705148502205,-0.02266039720560775
2020-10,0.03195851235756677,0.03133087674192153,0.0006276356156452404,0.20921187188174678,98,0.11482909669441607,0.12131399122459922
2020-11,-0.0026891530564600724,-0.0033461251484527632,0.0006569720919926906,0.21899069733089685,92,0.050554754636153096,0.05481145247622812
2020-12,-0.0020325666983923413,-0.0023419641149684195,0.00030939741657607837,0.10313247219202612,76,0.033058903875035316,0.013821142584098169
2021-01,0.020079119664559594,0.019882252472749728,0.00019686719180986705,0.06562239726995568,70,0.03824385681314124,0.026539174737346887
2021-02,0.05441239795833281,0.05411274890006385,0.00029964905826895604,0.09988301942298534,42,0.10471398897596094,0.07666293057031771
2021-03,0.05272208527521702,0.052152321525914216,0.000569763749302801,0.18992124976760036,36,0.0855432409480448,0.0712767552755824
2021-04,0.1453221365427143,0.1449497257053333,0.00037241083738102026,0.12413694579367342,35,0.07842810257915771,0.03465314028453828
2021-05,0.01618075366658883,0.015286136636702266,0.0008946170298865626,0.2982056766288542,34,0.048713386581610035,0.056275600770806705
2021-06,-0.001050129400744401,-0.001581988957216954,0.0005318595564725531,0.17728651882418436,34,-0.022681706762022733,-0.016691264153723493
2021-07,0.015908923989151422,0.015609225986041258,0.00029969800311016457,0.09989933437005485,33,-0.019696123223186014,-0.028167929314504944
2021-08,0.004612105568269734,0.004194171785855217,0.0004179337824145175,0.13931126080483916,33,-0.008860887752819907,-0.023151133649108296
2021-09,0.043093062348683805,0.04301021832242571,8.284402625809612e-05,0.02761467541936537,30,0.004216632923140948,-0.008077857392781497
2021-10,-0.03978816753032769,-0.0398002931159836,1.2125585655910214e-05,0.004041861885303404,31,-0.08024179279659169,-0.09690938964234683
2021-11,0.02546969312085215,0.024869725115512824,0.0005999680053393245,0.19998933511310815,34,0.07444093388453267,0.10800513478523653
2021-12,-0.03990894689804529,-0.040036600162399155,0.00012765326435386346,0.04255108811795449,36,-0.06854834187206119,-0.0988529199886075
2022-01,0.03341732639592973,0.033009691544399734,0.0004076348515299979,0.13587828384333264,39,0.03948877150782741,0.03119599182962419
2022-02,0.060692577856618114,0.06016563399500589,0.0005269438616122244,0.17564795387074145,38,0.047695283955422746,0.07684946530876721
2022-03,0.027590612334871194,0.02727032972230441,0.00032028261256678334,0.10676087085559445,40,0.015859997160681573,-0.0035345578173000903
2022-04,-0.04258698748014348,-0.04271059522558819,0.0001236077454447125,0.04120258181490416,40,-0.023083805448015398,-0.024456678718823316
2022-05,-0.04294594113051108,-0.04417819580247928,0.0012322546719682004,0.41075155732273344,39,-0.11176482256890403,-0.16183710445210092
2022-06,0.02920022237250793,0.028869329264693093,0.00033089310781483455,0.11029770260494484,38,0.03689246926482446,0.06825566014632739
2022-07,0.026609111680729512,0.026478018980426992,0.00013109270030251977,0.04369756676750659,39,0.00790196602885978,0.008421476110732946
2022-08,0.11158855055474144,0.11127457356834133,0.00031397698640011484,0.10465899546670494,35,-0.08201652202482375,-0.1546609869287943
2022-09,0.012601064901305538,0.011650396313012852,0.0009506685882926845,0.3168895294308948,36,0.010640048472348704,0.023553706275864957
2022-10,0.015890483578878987,0.015856284111216815,3.419946766217067e-05,0.01139982255405689,36,0.06745621741424526,0.08187463990275208
2022-11,0.5933393966142351,0.5933202251990802,1.91714151547986e-05,0.0063904717182662,34,0.024750809297962712,-0.05685225240385582
2022-12,0.017994500196659446,0.01756989231669289,0.00042460787996655516,0.1415359599888517,36,0.05454880326692819,0.09156892072781385
2023-01,-0.003820414849165472,-0.0041201073210161455,0.00029969247185067377,0.09989749061689125,31,-0.0015101348205301276,0.014435644147485669
2023-02,-0.004417769497008267,-0.004578628707530225,0.00016085921052195782,0.053619736840652604,31,-0.013642049474137727,0.013775494172797843
2023-03,-0.08045161809677194,-0.08109692332344082,0.0006453052266688713,0.21510174222295708,30,-0.0004024931076906646,0.0013587466829335427
2023-04,0.00035413618083144353,-0.0007588841473255162,0.0011130203281569597,0.3710067760523199,30,0.009030784085158304,0.035678399016655926
2023-05,-0.024859364715349396,-0.025162436356153384,0.00030307164080398743,0.1010238802679958,29,-0.010909219772837445,0.012422251792427796
2023-06,-0.090794623222659,-0.09109561211178317,0.000300988889124179,0.10032962970805966,30,-0.04117737107126222,-0.03228893840078626
2023-07,0.029686998549717646,0.02906267145499442,0.0006243270947232283,0.20810903157440944,32,0.023208092862636656,0.020615628346382794
2023-08,-0.01768880335294302,-0.017852094873064345,0.00016329152012132224,0.05443050670710741,34,-0.01900513294023497,-0.05664251141666521
2023-09,-0.010242112296586125,-0.010244716459831854,2.604163245728449e-06,0.0008680544152428163,34,-0.02454458423403187,-0.07871514441722752
2023-10,0.019476366751628296,0.019469830763912725,6.535987715571413e-06,0.0021786625718571376,35,0.049054267378171035,0.08558033256862954
2023-11,-0.028354025686409108,-0.02880827535439552,0.0004542496679864142,0.1514165559954714,33,0.0036586120843318426,0.031561651479282325
2023-12,0.018611648192120748,0.01794636420562088,0.0006652839864998679,0.2217613288332893,35,0.0018127843300745966,-0.027218608681363603
2024-01,0.02117685004183687,0.020832596270911483,0.00034425377092538927,0.11475125697512975,35,0.021093207475238303,0.02791243210802354
2024-02,0.0075265135688483975,0.00736696883744205,0.0001595447314063469,0.05318157713544897,34,-0.005054575225288548,0.01460224668150602
2024-03,0.0036417311807953033,0.0036409507741342667,7.804066610365645e-07,0.0002601355536788548,34,-0.0018363271083102499,-0.012678151837893876
2024-04,0.011045743272410447,0.010446212636324687,0.0005995306360857597,0.1998435453619199,34,0.00740146280309593,0.003614436936078273
2024-05,-0.014123316642694754,-0.014133862546217872,1.0545903523117585e-05,0.0035153011743725283,34,0.0018449804257321364,-0.01198476499888512
2024-06,-0.0025456765557885347,-0.0027049111334838463,0.00015923457769531163,0.05307819256510388,34,-0.0060064033748232605,-0.027451341145039183
2024-07,0.00899859270461123,0.008987346904394122,1.1245800217107063e-05,0.0037486000723690213,34,-0.012067162793425573,-0.04121750250492555
2024-08,-0.008249992318280759,-0.009174442525850306,0.0009244502075695465,0.30815006918984883,33,-0.004888323761921156,-0.0014630096333140032
2024-09,-0.0025578626962145068,-0.0025716126730275257,1.3749976813018821e-05,0.004583325604339607,34,-0.008895882272439976,-0.024548580858083133
2024-10,-0.009206251129330798,-0.00959665543330431,0.000390404303973511,0.13013476799117032,33,-0.023339251744375934,-0.054849633562112
2024-11,-0.021549228530553407,-0.021556916820553978,7.688290000571574e-06,0.002562763333523858,33,-0.012033274461864989,0.005284603525446018
2024-12,-0.00831043455769223,-0.008610664277231103,0.00030022971953887347,0.10007657317962448,34,0.015810007622994185,0.04055363594085589
2025-01,0.00596225321954877,0.005933797741662711,2.845547788605942e-05,0.00948515929535314,34,0.015718443161776813,0.019638162433861437
2025-02,-0.013441179661796353,-0.01344972310489026,8.543443093907236e-06,0.0028478143646357454,34,-0.021343894022689092,-0.05994790116301983
2025-03,0.024380058411333488,0.024379333459664518,7.249516689709033e-07,0.00024165055632363445,34,0.07871141526462509,0.09069939735017485
2025-04,0.025095503057919334,0.02481228599660004,0.0002832170613192942,0.09440568710643141,56,0.062434883937104856,0.03562500931558245
2025-05,0.029781170284041827,0.029742409554227384,3.8760729814444936e-05,0.012920243271481644,31,0.04263669632413496,0.0589636518095079
2025-06,0.015185922396735623,0.014780186325181348,0.0004057360715542747,0.13524535718475822,32,0.01425163721424755,0.014230382502688408
2025-07,-0.027647618114015386,-0.027780889820901183,0.00013327170688579775,0.04442390229526591,30,-0.019810742923429995,-0.016887157749132884
2025-08,0.00720277146519995,0.0067953498606172225,0.0004074216045827275,0.13580720152757583,32,-0.0017979294156238656,0.023577339049216096
2025-09,-0.018407814816798148,-0.01879500301273564,0.0003871881959374927,0.12906273197916424,32,-0.01744074744059261,0.00793063840666403
2025-10,0.08026884795959105,0.08021968600685647,4.9161952734572054e-05,0.016387317578190685,31,0.045474490168480486,-0.007429845223674719
2025-11,0.01545592004266327,0.01509248923626717,0.0003634308063961008,0.1211436021320336,31,0.03056296017782166,0.02270901720644214
2025-12,0.022733660950512973,0.022249331088113816,0.00048432986239915884,0.16144328746638628,31,0.019768637798296056,0.10208380681419425
2026-01,0.07224288907687486,0.07194259244691006,0.0003002966299647986,0.10009887665493288,31,0.0673021243273702,0.04618537354196568
2026-02,-0.0542436204119437,-0.05475758604641697,0.0005139656344732691,0.17132187815775635,30,-0.034013180607392945,-0.06138892862501751
2026-03,0.025246162763550163,0.02473793751964883,0.0005082252439013352,0.16940841463377837,30,0.06653921880380814,0.15493982976736007
2026-04,-0.08024438896010788,-0.0805092242846803,0.0002648353245724098,0.0882784415241366,30,-0.10010288915616744,-0.1327809239012121
2026-05,-0.023294307957640287,-0.023636080621045292,0.0003417726634050056,0.11392422113500186,31,-0.06966806887347152,-0.1425145277292716
2026-06,-0.0027696591414615363,-0.003345375365655311,0.0005757162241937749,0.1919054080645916,31,-0.0028178956220348376,-0.07362573557764751
2026-07,0.0239259884833538,0.023801651286470382,0.0001243371968834176,0.041445732294472536,30,0.04238415913292314,0.11834095631141889
